Department,Gender,HSC,SSC,Income,Hometown,Computer,Preparation,Gaming,Attendance,Job,English,Extra,Semester,Last,Last Category,Overall,Overall Category,Straight Lining,Missing Data
1,0,4.17,4.84,1,0,3,3,1,4,0,3,1,5,3.22,Excellent,3.35,Excellent,1.753841023,0
1,1,4.92,5,3,1,3,1,1,4,0,3,1,6,3.467,Excellent,3.467,Excellent,1.802992804,0
1,0,5,4.83,2,0,3,1,3,4,0,4,1,2,4,Dean's List,3.72,Dean's List,1.756623537,0
1,0,4,4.5,4,1,5,3,3,4,0,5,1,3,3.8,Dean's List,3.75,Dean's List,1.716873976,0
1,1,2.19,3.17,2,0,3,1,2,4,0,3,1,3,3.94,Dean's List,3.94,Dean's List,1.35692299,0
2,0,4.75,4.05,2,0,3,1,3,1,0,4,0,1,1,Fail,1,Fail,1.584560928,0
2,0,4.42,5,4,0,4,1,3,3,0,2,0,1,1.06,Fail,1.06,Fail,1.72453617,0
2,0,4.5,4.81,3,1,3,2,3,4,0,4,1,10,2.95,Warning,1.25,Fail,2.414571649,0
2,0,3.32,4.5,1,1,4,1,3,1,0,3,1,4,1.42,Fail,1.44,Fail,1.452262603,0
2,1,3.33,4.95,2,1,3,1,3,1,0,4,0,1,1.5,Fail,1.5,Fail,1.409172334,0
2,0,4.17,5,2,0,3,1,3,1,0,4,0,1,1.56,Fail,1.56,Fail,1.604931852,0
2,0,3.58,4.56,3,0,4,1,3,1,0,4,0,8,1.57,Fail,1.57,Fail,2.185976517,0
2,0,4.5,4.75,2,0,1,1,3,3,0,2,1,7,1.57,Fail,1.57,Fail,1.929167243,0
2,0,4.5,4.75,3,0,1,1,3,3,0,2,0,7,1,Fail,1.6,Fail,2.012603517,0
2,0,3.83,5,1,0,2,1,3,1,0,4,0,1,1.62,Fail,1.62,Fail,1.551744046,0
2,0,4.33,4.64,2,1,5,1,3,1,0,4,0,1,1.69,Fail,1.69,Fail,1.684894532,0
2,1,4.51,4.75,2,0,1,1,3,3,0,2,1,7,1.83,Fail,1.71,Fail,1.863206913,0
2,0,4.5,4.75,2,0,1,1,3,3,0,2,0,1,1.69,Fail,1.72,Fail,1.501327746,0
2,0,3.92,4.72,4,0,3,1,3,3,0,2,0,4,1.33,Fail,1.75,Fail,1.620931831,0
2,0,3.92,5,4,0,4,1,3,3,0,2,1,1,1.75,Fail,1.75,Fail,1.58504206,0
2,0,4.08,5,1,0,3,1,3,3,0,2,0,1,1.25,Fail,1.75,Fail,1.527328823,0
2,0,3.67,4.86,2,1,2,1,1,4,0,3,1,2,1.79,Fail,1.8,Fail,1.366362568,0
2,0,4,5,2,1,3,1,3,3,0,2,0,1,1.63,Fail,1.86,Fail,1.437915013,0
2,0,3.75,4.73,3,0,5,1,3,3,0,4,1,1,1.88,Fail,1.88,Fail,1.651021906,0
2,0,3.5,5,3,1,1,1,3,3,0,4,0,4,1.89,Fail,1.89,Fail,1.569486115,0
2,0,4.2,5,3,1,4,1,3,1,0,4,0,8,1.45,Fail,1.9,Fail,2.184640989,0
2,1,4.58,4.94,4,0,3,1,3,1,0,4,0,4,1.33,Fail,1.9,Fail,1.710360464,0
2,0,3,4.06,1,0,3,1,3,3,0,4,0,1,1.92,Fail,1.92,Fail,1.42958677,0
2,0,4.17,5,2,1,3,2,3,3,0,3,0,1,2.06,Warning,1.97,Fail,1.45197337,0
2,0,4.42,5,2,1,3,1,1,3,0,2,0,10,2.33,Warning,2,Warning,2.491554317,0
2,0,4,4.78,1,0,3,2,3,3,0,4,1,7,2.16,Warning,2,Warning,1.910388704,0
2,0,4.5,4.75,1,0,1,1,3,3,0,2,0,4,1.5,Fail,2.02,Warning,1.607318549,0
2,0,4.5,4.75,2,0,1,1,3,3,0,2,0,7,1.64,Fail,2.1,Warning,1.978292087,0
2,0,3.5,4.78,4,0,2,1,3,1,0,4,0,4,1.33,Fail,2.1,Warning,1.661441016,0
2,0,3.82,5,2,1,4,2,3,3,0,4,0,2,2.5,Warning,2.1,Warning,1.513304882,0
2,0,4.5,5,4,0,4,1,3,2,1,4,0,9,2.23,Warning,2.17,Warning,2.344940298,0
2,1,4.58,3.96,3,1,3,1,3,2,0,4,0,7,2.11,Warning,2.17,Warning,1.820567219,0
2,0,3.23,4.33,1,1,3,1,3,2,0,4,0,2,2.17,Warning,2.17,Warning,1.364404021,0
2,0,2.17,4.33,3,0,1,1,3,2,0,4,0,2,2.08,Warning,2.17,Warning,1.386432923,0
2,0,3.67,4.28,3,1,5,1,3,3,0,4,1,4,1.94,Fail,2.2,Warning,1.546806253,0
2,0,3.8,4.94,2,0,3,1,3,3,0,4,0,8,2,Warning,2.22,Warning,2.143274753,0
2,0,3.25,4.94,4,0,3,1,3,2,0,4,0,8,2.25,Warning,2.25,Warning,2.154608917,0
2,1,4.5,4.75,4,0,1,2,3,3,0,4,1,6,2.25,Warning,2.25,Warning,1.754087488,0
2,0,4,4.72,3,0,3,1,3,2,0,4,0,1,2.25,Warning,2.25,Warning,1.560349854,0
2,0,3.42,4.78,2,0,2,1,3,2,0,4,0,1,2.25,Warning,2.25,Warning,1.472847016,0
2,0,4,5,4,0,2,2,3,3,0,3,1,1,2.31,Warning,2.28,Warning,1.500116523,0
2,0,3.33,4.19,4,0,4,1,3,2,0,4,0,8,2.3,Warning,2.3,Warning,2.138910938,0
2,0,4.25,4.38,4,1,3,2,3,3,0,4,1,6,2.25,Warning,2.3,Warning,1.661372425,0
2,0,3.75,5,2,1,3,1,3,2,0,3,0,1,2.31,Warning,2.31,Warning,1.419621869,0
2,1,3.58,5,2,0,4,1,3,2,0,4,0,1,2.31,Warning,2.31,Warning,1.540532376,0
2,0,4.25,5,4,0,4,1,3,2,0,4,0,1,2.31,Warning,2.31,Warning,1.727037806,0
2,1,4.5,4.75,3,0,1,3,3,3,0,3,0,4,2.44,Warning,2.33,Warning,1.539263352,0
2,1,3.83,4.94,4,0,1,1,3,2,0,4,0,4,2.33,Warning,2.33,Warning,1.62224112,0
2,0,3.08,4.22,2,0,1,1,3,2,0,4,0,2,2.33,Warning,2.33,Warning,1.384076106,0
2,0,3.67,4.91,3,1,2,1,3,2,0,4,0,2,2.33,Warning,2.33,Warning,1.446344818,0
2,0,5,4.75,4,1,3,1,3,2,1,4,0,8,2.39,Warning,2.35,Warning,2.091025964,0
2,0,4.56,4.82,2,0,5,1,3,2,0,4,1,7,2.35,Warning,2.35,Warning,2.04284279,0
2,0,5,4.72,4,0,4,1,3,2,0,5,1,5,2.35,Warning,2.35,Warning,1.863641149,0
2,0,3.92,5,2,0,4,1,3,2,0,4,0,1,2.38,Warning,2.38,Warning,1.631896647,0
2,0,4.42,4.32,3,0,2,1,3,2,0,4,0,1,2.38,Warning,2.38,Warning,1.538656882,0
2,1,3.42,4.14,4,1,4,1,3,2,0,4,0,1,2.38,Warning,2.38,Warning,1.442125746,0
2,1,4,5,4,0,3,1,3,2,0,4,0,1,2.38,Warning,2.38,Warning,1.587717439,0
2,1,4.5,4.75,2,0,1,2,3,3,0,2,0,9,2.41,Warning,2.41,Warning,2.251290648,0
2,0,4.17,4.82,2,0,3,1,3,2,0,4,0,1,2.44,Warning,2.44,Warning,1.571569147,0
2,0,4,5,2,1,3,1,3,2,0,3,0,1,2.44,Warning,2.44,Warning,1.446519962,0
2,0,4.86,5,2,1,4,1,3,4,1,3,0,10,2.35,Warning,2.45,Warning,2.460926316,0
2,0,4.5,4.75,2,0,1,2,3,3,0,3,0,2,2.25,Warning,2.45,Warning,1.507256752,0
2,0,3.63,4.91,2,1,5,2,3,3,0,4,0,2,2.58,Warning,2.47,Warning,1.5859654,0
2,0,2.25,4.28,1,1,5,2,1,4,1,5,1,10,3,Excellent,2.5,Warning,2.461701224,0
2,0,2.92,4.75,2,1,5,1,3,3,1,4,0,7,2.73,Warning,2.5,Warning,1.898528816,0
2,0,4.33,5,4,0,3,1,3,2,0,4,0,1,2.5,Warning,2.5,Warning,1.68502411,0
2,0,4.5,4.75,2,0,1,2,3,3,0,3,1,9,2.83,Warning,2.53,Warning,2.253131802,0
2,0,5,4.78,4,1,3,1,2,4,0,3,1,3,2.24,Warning,2.55,Warning,1.557577045,0
2,1,3.16,4.19,3,0,1,2,3,3,1,4,0,4,2.75,Warning,2.55,Warning,1.357824087,0
2,0,4.67,5,4,1,3,1,3,2,0,4,0,1,2.56,Warning,2.56,Warning,1.650421032,0
2,0,3.67,4.82,2,0,1,1,3,2,0,4,0,1,2.56,Warning,2.56,Warning,1.527776025,0
2,0,3.75,4.11,2,0,4,1,3,2,0,4,0,1,2.56,Warning,2.56,Warning,1.530615889,0
2,0,4.5,3.61,1,0,4,3,3,4,0,4,1,1,3,Excellent,2.58,Warning,1.587529396,0
2,0,2.94,4.39,4,0,4,1,3,2,0,4,0,1,2.64,Warning,2.64,Warning,1.596932346,0
2,0,3.59,5,1,0,2,1,3,2,0,4,0,1,2.69,Warning,2.69,Warning,1.55397863,0
2,0,3,4.33,4,0,1,1,3,2,0,4,0,1,2.69,Warning,2.69,Warning,1.533559992,0
2,0,3.67,5,2,1,3,1,3,2,0,4,0,1,2.69,Warning,2.69,Warning,1.498269975,0
2,0,4.08,5,4,1,3,1,3,2,0,4,0,1,2.69,Warning,2.69,Warning,1.602713844,0
2,0,4.33,5,1,0,4,1,3,3,0,4,0,9,2.88,Warning,2.7,Warning,2.402155889,0
2,0,5,5,2,1,4,1,3,3,1,4,0,8,2.83,Warning,2.7,Warning,2.103431225,0
2,0,3.92,5,3,1,3,1,3,3,0,4,0,2,2.83,Warning,2.7,Warning,1.519378025,0
2,1,5,5,2,0,3,3,3,4,1,3,1,3,2.41,Warning,2.75,Warning,1.402058011,0
2,0,5,5,2,1,3,2,2,4,1,3,1,3,2.35,Warning,2.75,Warning,1.403195757,0
2,0,3.92,5,2,0,1,1,3,4,0,3,1,9,2.89,Warning,2.75,Warning,2.301613927,0
2,0,4.3,4.75,2,0,4,1,3,3,0,4,0,9,2.88,Warning,2.75,Warning,2.353160995,0
2,1,4,5,4,1,4,1,3,3,0,4,0,9,2.75,Warning,2.75,Warning,2.235835042,0
2,0,4,4.13,2,0,4,1,3,3,0,4,0,9,2.82,Warning,2.75,Warning,2.307829789,0
2,0,4.95,5,2,1,4,1,3,3,0,4,0,9,2.88,Warning,2.75,Warning,2.340204763,0
2,0,4.44,4.38,3,1,3,1,3,3,0,4,0,8,2.81,Warning,2.75,Warning,2.067245752,0
2,0,3.75,5,3,1,5,1,3,3,0,4,0,7,2.84,Warning,2.75,Warning,2.004883621,0
2,0,3.58,4.61,1,1,5,1,3,3,0,4,0,7,2.81,Warning,2.75,Warning,2.012327736,0
2,1,4,4.89,4,1,3,1,3,3,0,4,0,7,2.79,Warning,2.75,Warning,1.868571536,0
2,1,4.67,5,4,1,3,1,3,3,0,4,0,7,2.83,Warning,2.75,Warning,1.914878477,0
2,1,4.5,4.5,3,1,1,1,3,3,1,4,0,7,2.76,Warning,2.75,Warning,1.807163408,0
2,0,4.25,4.94,1,0,5,1,3,3,0,4,1,7,2.84,Warning,2.75,Warning,2.065529391,0
2,0,4,4.5,2,0,3,1,3,3,0,4,0,6,2.75,Warning,2.75,Warning,1.809696107,0
2,1,3.25,4.17,2,1,5,1,3,3,0,4,0,5,2.88,Warning,2.75,Warning,1.603291276,0
2,0,2.67,4.11,3,0,5,1,3,3,1,4,0,5,2.75,Warning,2.75,Warning,1.667605069,0
2,0,4.42,4.44,2,0,3,1,3,3,0,4,0,5,2.8,Warning,2.75,Warning,1.716260348,0
2,0,4.75,5,1,0,5,1,3,3,0,4,1,4,2.88,Warning,2.75,Warning,1.798061456,0
2,0,3.75,4.78,3,1,5,1,3,3,0,4,1,4,2.75,Warning,2.75,Warning,1.587862163,0
2,0,3.5,5,4,0,1,1,3,3,0,4,0,4,2.77,Warning,2.75,Warning,1.700889473,0
2,1,3.33,4.59,4,1,5,1,3,3,0,4,0,2,2.75,Warning,2.75,Warning,1.552653106,0
2,0,4,4.89,4,1,3,1,3,3,0,4,0,2,2.75,Warning,2.75,Warning,1.563358431,0
2,0,3.67,4.77,4,1,3,1,3,3,0,4,0,2,2.83,Warning,2.75,Warning,1.530537487,0
2,0,4.25,5,3,0,1,1,3,3,0,4,0,1,2.75,Warning,2.75,Warning,1.656348268,0
2,1,4.17,5,2,0,3,1,3,3,0,4,0,1,2.75,Warning,2.75,Warning,1.557526752,0
2,1,3.67,4.73,2,1,2,1,3,3,0,4,0,1,2.75,Warning,2.75,Warning,1.393823877,0
2,1,4.08,5,4,0,3,1,3,3,0,4,0,1,2.75,Warning,2.75,Warning,1.615350839,0
2,0,4.5,5,3,1,1,1,1,3,0,1,0,10,2.27,Warning,2.79,Warning,2.543159452,0
2,0,3.5,4.83,2,0,5,1,3,3,0,4,1,1,2.81,Warning,2.81,Warning,1.645112838,0
2,0,3.25,4.36,1,0,5,1,3,3,0,4,1,1,2.81,Warning,2.81,Warning,1.615208836,0
2,1,3.34,4.69,2,0,5,1,3,3,0,4,1,9,2.96,Warning,2.84,Warning,2.241589373,0
2,1,4.08,5,3,0,4,1,3,3,0,4,0,8,2.99,Warning,2.84,Warning,2.115759812,0
2,0,4.08,5,4,0,4,1,3,3,0,4,0,5,2.94,Warning,2.84,Warning,1.825913014,0
2,0,3.42,4.33,3,1,5,1,3,3,0,4,0,5,2.94,Warning,2.84,Warning,1.702683054,0
2,1,4.5,4.75,2,0,3,3,3,3,0,2,0,7,1.52,Fail,2.846,Warning,1.882080409,0
2,1,4.42,4.23,2,0,3,1,3,3,0,4,0,1,2.86,Warning,2.86,Warning,1.504602799,0
2,1,3.5,4.73,2,1,2,1,3,3,0,4,0,1,2.88,Warning,2.88,Warning,1.390544108,0
2,0,3.58,4.68,2,1,1,1,3,3,0,4,0,1,2.88,Warning,2.88,Warning,1.488345278,0
2,0,4.67,5,2,1,3,1,3,3,0,3,0,1,2.88,Warning,2.88,Warning,1.555820121,0
2,0,4.57,4.95,2,1,3,1,3,3,0,3,0,1,2.88,Warning,2.88,Warning,1.53907548,0
2,1,4.17,5,2,1,5,1,3,3,0,4,0,1,2.88,Warning,2.88,Warning,1.634215281,0
2,1,3.75,4.69,2,1,4,1,3,3,0,4,0,9,2.89,Warning,2.89,Warning,2.199238883,0
2,0,4.25,5,3,0,4,1,3,3,0,4,0,8,2.91,Warning,2.89,Warning,2.191670501,0
2,1,4.17,4.61,2,1,3,1,3,3,0,3,0,7,2.89,Warning,2.89,Warning,1.798621695,0
2,1,4.67,5,2,0,2,1,3,3,0,4,0,7,2.93,Warning,2.89,Warning,1.971140004,0
2,1,3.83,5,2,1,3,1,3,3,0,3,0,7,2.89,Warning,2.89,Warning,1.812913746,0
2,0,4.08,4.78,4,0,3,1,3,3,0,4,0,6,2.92,Warning,2.89,Warning,1.879631945,0
2,0,3.58,4.88,4,0,2,1,3,3,0,4,0,6,2.92,Warning,2.89,Warning,1.864152958,0
2,0,4,4.7,1,0,1,1,2,3,0,3,1,10,2.46,Warning,2.9,Warning,2.47677714,0
2,0,4.58,4,4,0,3,1,3,2,0,4,0,9,2.66,Warning,2.9,Warning,2.330604714,0
2,0,4.1,3.75,2,1,4,1,3,2,0,4,0,8,2.57,Warning,2.9,Warning,2.053955533,0
2,0,3.33,4.61,4,0,3,1,3,2,0,4,0,8,2.44,Warning,2.9,Warning,2.133849417,0
2,0,3.67,3.06,4,0,5,1,3,2,0,4,1,7,2.55,Warning,2.9,Warning,1.945215926,0
2,0,4.17,4.61,3,1,5,1,3,2,0,4,0,7,2.64,Warning,2.9,Warning,2.001402841,0
2,1,3.83,5,2,0,4,1,3,2,0,4,0,7,2.6,Warning,2.9,Warning,1.952470124,0
2,0,4.67,4.75,4,0,3,1,3,2,0,4,0,6,2.6,Warning,2.9,Warning,1.913826882,0
2,0,4.5,4.28,2,0,3,1,3,2,0,4,0,6,2.6,Warning,2.9,Warning,1.823476533,0
2,0,4.33,5,4,1,5,1,3,2,0,4,0,5,2.5,Warning,2.9,Warning,1.836152567,0
2,0,3.17,4.67,4,0,4,1,3,2,0,4,0,5,2.41,Warning,2.9,Warning,1.75332054,0
2,1,4.5,4.56,3,1,3,1,3,2,0,4,0,5,2.5,Warning,2.9,Warning,1.578720473,0
2,1,3.76,4,4,0,4,1,3,2,0,4,0,5,2.56,Warning,2.9,Warning,1.652536939,0
2,0,2.59,4.88,4,1,5,1,3,2,0,4,0,5,2.55,Warning,2.9,Warning,1.767004999,0
2,0,3.33,3.78,2,0,4,1,3,2,0,4,0,5,2.69,Warning,2.9,Warning,1.640483161,0
2,1,4.5,5,2,0,5,1,3,2,0,4,1,4,2.67,Warning,2.9,Warning,1.662098949,0
2,0,4.17,4.61,2,0,3,1,3,2,0,4,0,4,2.5,Warning,2.9,Warning,1.611396392,0
2,1,4.42,5,2,1,3,1,3,2,0,3,0,2,2.67,Warning,2.9,Warning,1.403722284,0
2,0,3.85,5,2,1,4,1,3,2,0,4,0,2,2.42,Warning,2.9,Warning,1.544470648,0
2,0,3.92,5,4,0,2,1,3,3,0,4,0,1,2.92,Warning,2.92,Warning,1.671388644,0
2,1,4,5,4,0,4,1,3,2,0,4,0,9,2.42,Warning,2.94,Warning,2.316777935,0
2,0,3.33,4.89,1,0,2,1,3,3,0,4,0,1,2.94,Warning,2.94,Warning,1.567111462,0
2,0,3.92,4.73,2,0,3,1,3,3,0,4,0,1,2.94,Warning,2.94,Warning,1.586614714,0
2,1,3.42,4.68,4,0,2,1,3,3,0,4,0,1,2.94,Warning,2.94,Warning,1.536467268,0
2,0,4.5,4.75,2,0,1,2,3,3,0,4,1,7,2.48,Warning,2.98,Warning,1.937146419,0
2,1,4.5,5,4,1,3,2,3,4,0,3,1,10,3.45,Excellent,3,Excellent,2.3125,0
2,0,5,5,2,0,3,1,3,4,0,4,0,1,3,Excellent,3,Excellent,1.770122406,0
2,0,5,5,3,1,3,1,1,3,0,4,1,3,2.45,Warning,3,Excellent,1.577890865,0
2,1,5,5,3,1,3,1,2,4,0,3,0,3,3.22,Excellent,3,Excellent,1.554142314,0
2,1,4.5,4.75,2,0,1,3,3,4,0,4,0,9,3.17,Excellent,3,Excellent,2.302757405,0
2,0,3.08,4.68,4,0,3,1,3,3,0,4,0,1,3,Excellent,3,Excellent,1.609817795,0
2,1,3.92,5,4,1,5,1,3,3,0,4,0,1,3,Excellent,3,Excellent,1.668652151,0
2,0,3.67,4.68,4,1,3,1,3,3,0,4,0,1,3,Excellent,3,Excellent,1.566070321,0
2,1,3.92,5,3,1,4,1,3,3,0,4,0,1,3,Excellent,3,Excellent,1.538310762,0
2,1,3.53,5,2,1,2,1,3,3,0,4,0,1,3,Excellent,3,Excellent,1.436218269,0
2,0,3.83,4.73,4,0,3,2,3,2,0,5,1,1,3.06,Excellent,3.06,Excellent,1.633658471,0
2,1,2.93,4.71,3,0,4,2,3,2,0,3,1,1,3.06,Excellent,3.06,Excellent,1.355792511,0
2,0,3.5,5,4,1,5,2,3,2,0,3,1,1,3.06,Excellent,3.06,Excellent,1.565421668,0
2,0,5,5,2,0,4,2,3,4,0,3,1,3,2.94,Warning,3.07,Excellent,1.63337062,0
2,0,4,4.92,2,0,3,2,2,4,0,3,1,10,3,Excellent,3.08,Excellent,2.431635938,0
2,0,3.92,5,2,0,4,2,2,3,0,4,0,9,3.29,Excellent,3.08,Excellent,2.3316717,0
2,0,3.6,4.94,3,0,4,2,2,3,0,4,0,9,3.25,Excellent,3.08,Excellent,2.311225415,0
2,0,3.83,4.75,3,0,3,2,2,3,0,4,0,8,3.25,Excellent,3.08,Excellent,2.105584539,0
2,1,3.51,3.19,1,0,3,2,2,3,0,3,0,8,3.25,Excellent,3.08,Excellent,1.951965569,0
2,0,4.44,5,3,1,5,2,2,3,1,2,0,7,3.25,Excellent,3.08,Excellent,1.915275328,0
2,1,3.92,5,3,0,3,2,2,3,0,3,0,7,3.28,Excellent,3.08,Excellent,1.863845487,0
2,0,4.5,5,2,1,3,2,2,3,0,4,0,7,3.3,Excellent,3.08,Excellent,1.932278448,0
2,0,4.5,5,4,1,1,2,2,3,1,2,0,7,3.26,Excellent,3.08,Excellent,1.899471856,0
2,0,3.42,4,1,0,4,2,2,3,1,2,0,5,3.3,Excellent,3.08,Excellent,1.548554164,0
2,1,3.86,5,4,0,5,2,2,3,0,3,0,5,3.25,Excellent,3.08,Excellent,1.745446337,0
2,0,5,5,1,0,4,2,2,3,0,3,0,2,3.25,Excellent,3.08,Excellent,1.693828873,0
2,0,4.08,5,1,0,1,2,2,4,0,3,1,9,2.73,Warning,3.09,Excellent,2.311518621,0
2,0,4,4.33,1,0,3,1,2,4,0,1,0,6,2.69,Warning,3.1,Excellent,1.840907385,0
2,0,4.83,5,2,0,1,2,3,3,0,3,0,6,2.83,Warning,3.1,Excellent,1.876773828,0
2,0,5,5,1,0,3,3,1,4,0,3,1,3,3.11,Excellent,3.11,Excellent,1.668555763,0
2,0,3.42,4.63,1,0,3,2,3,4,0,5,1,1,3.13,Excellent,3.13,Excellent,1.639636011,0
2,0,4.33,4.68,4,1,5,2,3,4,0,3,1,1,3.13,Excellent,3.13,Excellent,1.628788788,0
2,1,4,5,2,1,3,2,3,4,0,3,1,1,3.13,Excellent,3.13,Excellent,1.368809093,0
2,0,3.08,4.06,3,0,3,2,3,4,0,4,0,1,3.13,Excellent,3.13,Excellent,1.532781785,0
2,0,3.92,5,1,0,4,2,2,3,0,3,0,8,3.34,Excellent,3.15,Excellent,2.166163948,0
2,0,4.44,5,1,1,5,2,2,3,0,4,0,8,3.3,Excellent,3.15,Excellent,2.20802089,0
2,1,3.92,5,4,1,5,2,2,3,0,3,0,7,3.34,Excellent,3.15,Excellent,1.907271065,0
2,0,3.42,4.17,4,1,3,2,2,3,0,3,0,6,3.33,Excellent,3.15,Excellent,1.668260446,0
2,1,4.58,5,4,1,3,2,2,3,0,3,0,6,3.33,Excellent,3.15,Excellent,1.714692878,0
2,1,3.83,5,4,0,3,2,2,3,0,3,0,6,3.33,Excellent,3.15,Excellent,1.751628647,0
2,1,4.5,5,3,1,3,2,2,3,0,4,0,4,3.3,Excellent,3.15,Excellent,1.511204679,0
2,0,4.75,5,3,0,4,2,3,4,0,3,1,1,3.16,Excellent,3.16,Excellent,1.655891376,0
2,0,4.19,4.36,2,1,3,2,3,3,0,3,1,1,3.19,Excellent,3.19,Excellent,1.347407232,0
2,0,3.5,4.73,2,0,3,2,3,3,0,4,0,1,3.19,Excellent,3.19,Excellent,1.551544258,0
2,0,3.38,5,2,1,5,2,3,3,0,3,1,1,3.19,Excellent,3.19,Excellent,1.520153501,0
2,0,4,5,3,0,5,2,3,3,1,4,0,1,3.19,Excellent,3.19,Excellent,1.681827875,0
2,0,3.8,4.56,3,1,3,2,3,3,0,3,1,1,3.21,Excellent,3.21,Excellent,1.348919938,0
2,0,4,4.88,3,0,3,3,3,4,0,3,0,7,3.27,Excellent,3.22,Excellent,1.954753075,0
2,0,4.2,5,2,1,5,2,3,4,1,4,1,10,3.02,Excellent,3.25,Excellent,2.368144052,0
2,0,3.67,5,1,1,5,2,3,4,0,3,1,9,3.09,Excellent,3.25,Excellent,2.269684174,0
2,0,3.5,4.88,1,0,4,2,3,4,0,4,0,9,3.1,Excellent,3.25,Excellent,2.362447089,0
2,0,3.5,4.56,1,0,3,1,3,3,0,5,1,9,3.01,Excellent,3.25,Excellent,2.319910918,0
2,0,4,4.88,3,1,5,2,3,2,1,4,0,7,3.08,Excellent,3.25,Excellent,1.899417345,0
2,0,3.93,5,2,1,2,2,3,2,0,5,1,7,3.04,Excellent,3.25,Excellent,1.894570752,0
2,0,4.08,5,2,1,4,2,3,2,0,4,0,7,3.04,Excellent,3.25,Excellent,1.936482098,0
2,0,4.33,4.81,3,0,3,2,2,3,0,3,0,7,3.22,Excellent,3.25,Excellent,1.944953191,0
2,0,4.25,5,2,0,4,2,3,4,0,4,0,7,3.11,Excellent,3.25,Excellent,2.040140416,0
2,0,4.1,5,2,0,1,2,3,4,0,5,1,7,3.1,Excellent,3.25,Excellent,2.038910555,0
2,1,3.87,4.94,3,1,3,2,3,2,0,5,1,6,3.08,Excellent,3.25,Excellent,1.646373287,0
2,1,4.58,5,3,1,4,2,3,2,0,4,0,5,3.04,Excellent,3.25,Excellent,1.63127136,0
2,0,3.83,5,4,0,4,1,3,3,0,4,0,4,3,Excellent,3.25,Excellent,1.747970251,0
2,0,4.5,4.28,4,1,5,2,3,2,0,3,1,4,3.05,Excellent,3.25,Excellent,1.565524406,0
2,1,4,5,3,0,5,2,3,2,0,5,1,4,3.08,Excellent,3.25,Excellent,1.667450024,0
2,1,4,5,1,0,1,2,3,2,0,5,1,4,3.08,Excellent,3.25,Excellent,1.632040517,0
2,1,3.83,5,3,0,3,2,3,2,0,4,0,2,3.06,Excellent,3.25,Excellent,1.491839469,0
2,0,3.67,5,4,1,3,1,3,3,0,4,0,2,3,Excellent,3.25,Excellent,1.573975858,0
2,1,3.92,4.18,3,1,5,2,3,2,0,3,1,2,3.08,Excellent,3.25,Excellent,1.334600908,0
2,0,3.5,4.81,1,0,3,2,2,3,0,3,0,1,3.25,Excellent,3.25,Excellent,1.511485886,0
2,0,3.07,4.85,1,0,3,2,2,3,0,3,0,1,3.25,Excellent,3.25,Excellent,1.49156238,0
2,0,3.92,5,2,1,3,2,2,3,0,3,0,1,3.25,Excellent,3.25,Excellent,1.470722612,0
2,0,4.08,5,1,0,2,2,2,3,0,4,0,1,3.25,Excellent,3.25,Excellent,1.621324047,0
2,0,3.83,5,2,0,1,2,2,3,0,3,0,1,3.25,Excellent,3.25,Excellent,1.537223552,0
2,0,3.58,4.83,4,0,2,2,2,3,0,3,0,1,3.25,Excellent,3.25,Excellent,1.557825274,0
2,0,3.92,5,2,0,3,2,2,3,0,3,0,1,3.25,Excellent,3.25,Excellent,1.54240883,0
2,0,4.25,5,1,0,5,2,2,3,0,2,1,1,3.25,Excellent,3.25,Excellent,1.66762993,0
2,0,4.42,4.86,2,1,2,2,2,3,0,4,0,1,3.25,Excellent,3.25,Excellent,1.542248899,0
2,0,4.5,4.86,3,0,3,2,2,3,0,3,0,1,3.25,Excellent,3.25,Excellent,1.592552982,0
2,1,3.75,4.59,3,0,5,2,2,3,0,2,1,1,3.25,Excellent,3.25,Excellent,1.492905445,0
2,1,4.5,4.75,3,0,1,3,3,4,0,4,0,7,3.11,Excellent,3.26,Excellent,1.969656061,0
2,0,5,4.67,1,0,3,3,2,4,0,3,1,2,3.27,Excellent,3.27,Excellent,1.605370025,0
2,0,4,5,3,1,5,2,2,3,0,3,0,9,3.47,Excellent,3.27,Excellent,2.294552607,0
2,0,4.3,5,3,1,4,2,2,3,0,3,0,9,3.44,Excellent,3.27,Excellent,2.256808126,0
2,0,4.25,5,4,1,3,2,2,3,1,2,0,8,3.43,Excellent,3.27,Excellent,2.013208778,0
2,0,4.25,4.61,4,1,5,2,2,3,0,3,0,7,3.48,Excellent,3.27,Excellent,1.978882576,0
2,1,4.25,5,2,0,3,2,2,3,0,4,0,7,3.43,Excellent,3.27,Excellent,1.924104012,0
2,1,3.14,4.63,4,0,2,2,2,3,0,4,0,6,3.47,Excellent,3.27,Excellent,1.740958429,0
2,1,4.5,4.75,2,0,1,3,3,4,0,3,0,9,3.33,Excellent,3.28,Excellent,2.286607021,0
2,0,3.67,4.78,3,0,3,2,2,3,0,3,0,1,3.3,Excellent,3.3,Excellent,1.519531589,0
2,0,3.83,5,3,0,5,2,2,3,0,2,1,1,3.3,Excellent,3.3,Excellent,1.622803002,0
2,0,4.58,5,4,1,5,2,2,3,0,3,0,1,3.31,Excellent,3.31,Excellent,1.729134658,0
2,1,4.75,5,4,1,3,2,2,3,0,3,0,1,3.31,Excellent,3.31,Excellent,1.537501084,0
2,1,4.17,5,2,1,5,2,2,3,0,3,0,1,3.31,Excellent,3.31,Excellent,1.57153521,0
2,1,3.67,4.56,4,1,5,2,2,3,0,3,0,1,3.31,Excellent,3.31,Excellent,1.545790925,0
2,0,4.5,4.75,2,0,1,3,3,4,0,3,1,7,3.32,Excellent,3.32,Excellent,1.952503414,0
2,0,4.08,4.17,4,0,5,2,2,3,0,3,0,1,3.32,Excellent,3.32,Excellent,1.693627148,0
2,0,4.01,4.33,2,0,3,2,2,4,1,2,1,3,2.71,Warning,3.33,Excellent,1.330237447,0
2,1,4,4.38,2,1,3,2,2,3,0,3,0,8,3.41,Excellent,3.33,Excellent,1.932537192,0
2,1,3.58,4.44,3,0,5,2,2,3,0,2,1,7,3.35,Excellent,3.33,Excellent,1.841842827,0
2,1,4.5,4.75,2,0,1,3,3,4,0,4,0,7,3.55,Excellent,3.33,Excellent,1.987319698,0
2,0,4.5,4.75,2,0,1,2,3,3,0,3,0,7,2.86,Warning,3.33,Excellent,1.978701594,0
2,0,4.33,5,3,1,3,2,2,3,0,4,0,7,3.4,Excellent,3.33,Excellent,1.923756308,0
2,1,3.83,4.89,4,1,3,2,2,3,0,3,0,6,3.42,Excellent,3.33,Excellent,1.666033088,0
2,0,3.5,4.61,2,1,5,2,2,3,0,3,0,5,3.38,Excellent,3.33,Excellent,1.671593551,0
2,0,4,4.89,4,0,3,2,2,3,0,3,0,4,3.4,Excellent,3.33,Excellent,1.639958841,0
2,0,4.25,4.94,2,1,4,2,2,3,0,3,0,4,3.42,Excellent,3.33,Excellent,1.580741914,0
2,1,5,5,1,0,3,2,2,3,0,3,0,4,3.42,Excellent,3.33,Excellent,1.647602172,0
2,0,4.17,4.89,3,1,3,2,2,3,0,4,0,2,3.42,Excellent,3.33,Excellent,1.521765285,0
2,0,4.17,4.95,4,0,2,2,2,3,0,4,0,1,3.35,Excellent,3.35,Excellent,1.676193605,0
2,0,4.5,4.75,3,0,3,3,3,4,0,3,0,7,3.14,Excellent,3.37,Excellent,1.972230548,0
2,1,4.08,5,2,1,3,2,2,3,0,4,0,1,3.38,Excellent,3.38,Excellent,1.47582971,0
2,0,3.75,4.95,3,0,3,2,2,3,0,3,0,1,3.38,Excellent,3.38,Excellent,1.553395743,0
2,0,4.42,4.89,4,0,3,2,2,3,0,3,0,1,3.38,Excellent,3.38,Excellent,1.652916488,0
2,0,4.75,4.09,2,1,5,2,2,3,0,4,0,1,3.38,Excellent,3.38,Excellent,1.66891981,0
2,0,4.25,5,2,1,3,2,2,3,0,4,0,1,3.38,Excellent,3.38,Excellent,1.567722206,0
2,1,3.58,5,3,0,5,2,2,3,0,2,1,1,3.38,Excellent,3.38,Excellent,1.538895166,0
2,1,4.17,4.83,2,0,3,2,2,3,0,3,0,1,3.38,Excellent,3.38,Excellent,1.484374167,0
2,0,3.42,4.68,2,0,5,2,2,3,0,2,1,1,3.38,Excellent,3.38,Excellent,1.559837064,0
2,0,3.67,4.89,1,0,3,1,1,4,1,4,1,9,3.3,Excellent,3.39,Excellent,2.297777096,0
2,0,4.5,4.75,2,0,1,2,3,4,0,4,1,6,3.83,Dean's List,3.39,Excellent,1.87062278,0
2,1,4.5,4.75,3,0,3,3,3,4,0,4,0,7,3.27,Excellent,3.43,Excellent,1.920202138,0
2,1,4.83,5,4,1,2,2,2,4,0,4,0,10,3.56,Excellent,3.44,Excellent,2.446944268,0
2,0,4.33,5,1,0,3,2,3,3,0,5,1,9,3.6,Excellent,3.44,Excellent,2.35074731,0
2,0,4.33,5,4,0,3,2,3,3,0,5,1,7,3.59,Excellent,3.44,Excellent,2.002373592,0
2,1,4.55,5,4,1,5,2,2,3,0,3,0,1,3.44,Excellent,3.44,Excellent,1.657470839,0
2,0,4.25,4.89,1,1,5,2,2,3,0,4,0,1,3.44,Excellent,3.44,Excellent,1.731796274,0
2,0,3.92,5,2,1,3,2,2,3,0,3,0,1,3.44,Excellent,3.44,Excellent,1.490941537,0
2,1,4.75,5,3,0,1,1,3,3,0,1,0,10,3.52,Excellent,3.45,Excellent,2.556957828,0
2,0,4.5,4.75,3,0,1,3,3,3,0,4,0,2,2.92,Warning,3.46,Excellent,1.64216714,0
2,0,5,5,2,1,5,1,3,4,0,4,1,1,3.48,Excellent,3.48,Excellent,1.776948696,0
2,0,3.5,4.8,4,1,5,1,3,2,0,5,1,10,3.02,Excellent,3.5,Excellent,2.499311572,0
2,1,5,5,2,1,4,2,3,4,1,5,1,3,2.07,Warning,3.5,Excellent,1.491746041,0
2,0,4.53,4.75,2,0,1,1,3,4,0,4,1,9,3,Excellent,3.5,Excellent,2.351600519,0
2,0,4.42,4.88,1,0,4,1,2,4,0,3,0,9,3.76,Dean's List,3.5,Excellent,2.429386754,0
2,0,4.58,5,4,0,4,1,2,4,0,4,0,8,3.7,Dean's List,3.5,Excellent,2.279303622,0
2,1,3.5,4.81,2,0,4,3,3,4,0,5,1,8,3.8,Dean's List,3.5,Excellent,2.055769827,0
2,0,5,5,3,1,5,1,3,4,0,5,1,7,4,Dean's List,3.5,Excellent,2.083416665,0
2,0,4.58,5,2,1,1,1,2,4,0,5,1,7,3.78,Dean's List,3.5,Excellent,2.060802028,0
2,1,4.83,5,4,1,3,1,1,4,0,3,1,6,3.83,Dean's List,3.5,Excellent,1.795665151,0
2,1,4.33,5,4,1,3,3,3,4,0,5,1,6,3.81,Dean's List,3.5,Excellent,1.703073692,0
2,1,4.25,5,3,0,5,3,3,4,0,5,1,5,3.81,Dean's List,3.5,Excellent,1.759715886,0
2,0,4.33,5,1,0,4,1,2,4,0,4,0,5,3.75,Dean's List,3.5,Excellent,1.917470121,0
2,0,3.75,4.67,3,0,3,1,1,4,0,3,1,4,3.83,Dean's List,3.5,Excellent,1.627347407,0
2,0,4.58,5,4,0,3,1,2,4,0,3,0,4,3.75,Dean's List,3.5,Excellent,1.791407152,0
2,1,3.67,4.61,4,1,3,2,2,3,0,3,0,1,3.5,Excellent,3.5,Excellent,1.422640737,0
2,1,3.75,4.78,3,0,3,2,2,3,0,3,0,1,3.5,Excellent,3.5,Excellent,1.472233988,0
2,0,4.17,4.94,1,0,3,2,2,3,0,3,0,1,3.5,Excellent,3.5,Excellent,1.607803756,0
2,0,4,5,2,0,3,2,2,3,0,4,0,1,3.5,Excellent,3.5,Excellent,1.631716887,0
2,0,3.75,4.61,1,0,3,2,2,3,0,3,0,1,3.5,Excellent,3.5,Excellent,1.535502089,0
2,0,4.08,5,4,1,5,2,2,3,0,3,0,1,3.5,Excellent,3.5,Excellent,1.706722004,0
2,1,4.33,4.94,2,1,5,2,2,3,0,3,0,1,3.5,Excellent,3.5,Excellent,1.594060721,0
2,0,4.57,5,2,0,5,1,1,4,0,5,0,10,3.92,Dean's List,3.54,Excellent,2.726953046,0
2,1,4.5,4.75,2,0,1,3,3,4,0,5,0,9,3.42,Excellent,3.55,Excellent,2.360697284,0
2,0,4.52,4.75,2,0,1,3,3,4,0,3,0,9,3.42,Excellent,3.55,Excellent,2.358469843,0
2,0,3.58,5,1,0,3,2,3,3,0,5,1,8,3.57,Excellent,3.56,Excellent,2.157539397,0
2,1,4.17,5,3,0,4,2,3,3,0,3,1,1,3.56,Excellent,3.56,Excellent,1.511171593,0
2,1,4.25,5,2,0,5,2,3,3,0,5,1,1,3.56,Excellent,3.56,Excellent,1.72128622,0
2,0,4.33,5,4,0,3,2,3,3,0,5,1,1,3.56,Excellent,3.56,Excellent,1.72884246,0
2,1,3.83,4.59,2,1,3,2,3,3,0,3,1,1,3.56,Excellent,3.56,Excellent,1.291148713,0
2,0,4.17,4.59,3,0,3,2,3,3,0,4,0,1,3.56,Excellent,3.56,Excellent,1.628819614,0
2,1,4.17,5,1,0,3,2,3,3,0,3,1,1,3.56,Excellent,3.56,Excellent,1.492779148,0
2,0,4,5,4,0,5,2,3,3,0,3,1,1,3.56,Excellent,3.56,Excellent,1.70775291,0
2,1,4,5,4,1,3,2,3,3,0,3,1,1,3.56,Excellent,3.56,Excellent,1.4082211,0
2,1,4.42,5,4,1,4,2,3,3,0,4,0,1,3.56,Excellent,3.56,Excellent,1.613182672,0
2,0,3.92,4.18,4,1,5,2,3,3,0,3,1,1,3.56,Excellent,3.56,Excellent,1.550977649,0
2,0,5,5,1,0,1,1,3,4,0,1,0,3,3.64,Excellent,3.6,Excellent,1.810220981,0
2,1,3.83,5,4,1,5,2,3,3,0,3,1,9,3.61,Excellent,3.6,Excellent,2.14726027,0
2,0,5,5,1,0,3,2,3,3,0,5,1,9,3.62,Excellent,3.6,Excellent,2.388114668,0
2,0,3.92,3.94,2,1,5,2,3,3,0,3,1,8,3.64,Excellent,3.6,Excellent,1.999566203,0
2,0,3.67,4.44,4,0,5,2,3,3,0,3,1,5,3.63,Excellent,3.6,Excellent,1.71118234,0
2,0,5,5,3,1,4,3,2,4,1,5,1,3,3.66,Excellent,3.61,Excellent,1.583680181,0
2,1,4.16,4.67,3,1,3,2,3,4,0,3,1,9,3.66,Excellent,3.62,Excellent,2.080925175,0
2,0,4.83,5,2,1,3,2,3,3,0,3,1,1,3.63,Excellent,3.63,Excellent,1.527627654,0
2,1,4.25,5,2,1,5,2,3,3,0,3,1,1,3.63,Excellent,3.63,Excellent,1.524249405,0
2,0,4.5,5,2,0,3,1,2,4,0,4,0,10,3.88,Dean's List,3.64,Excellent,2.593311589,0
2,0,3.5,4.72,4,1,3,2,3,3,0,3,1,1,3.64,Excellent,3.64,Excellent,1.446535516,0
2,1,3.75,5,1,0,5,2,1,4,0,4,1,10,3.71,Dean's List,3.65,Excellent,2.535607669,0
2,1,5,5,3,1,3,2,1,4,1,3,0,3,3.6,Excellent,3.65,Excellent,1.50410203,0
2,0,4.42,5,4,1,4,2,3,4,0,4,0,9,3.53,Excellent,3.67,Excellent,2.303362397,0
2,0,4.5,5,3,1,5,2,2,3,0,3,0,9,3.5,Excellent,3.67,Excellent,2.32146999,0
2,0,4.42,5,3,0,5,2,3,3,0,5,1,9,3.55,Excellent,3.67,Excellent,2.360786592,0
2,0,3.17,4.31,4,0,4,2,2,3,0,3,0,8,3.5,Excellent,3.67,Excellent,2.108000534,0
2,1,3.67,4.38,3,0,3,2,3,4,0,4,0,7,3.52,Excellent,3.67,Excellent,1.883064878,0
2,0,3.83,4.94,3,1,4,2,2,3,0,3,0,7,3.51,Excellent,3.67,Excellent,1.907312136,0
2,0,4.33,5,4,0,4,2,3,4,0,4,0,7,3.52,Excellent,3.67,Excellent,2.071252439,0
2,0,4.5,5,1,0,3,2,2,3,0,3,0,5,3.5,Excellent,3.67,Excellent,1.775379654,0
2,0,4.08,5,4,1,5,2,2,3,0,3,0,5,3.5,Excellent,3.67,Excellent,1.778672609,0
2,0,5,5,1,1,5,2,2,3,0,3,0,4,3.5,Excellent,3.67,Excellent,1.786376104,0
2,1,5,5,4,1,5,2,3,4,0,3,1,1,3.68,Excellent,3.68,Excellent,1.655228081,0
2,0,4.42,5,1,0,3,3,2,4,0,2,1,1,3.69,Excellent,3.69,Excellent,1.646533733,0
2,0,4.17,5,2,0,3,3,2,4,0,2,1,1,3.69,Excellent,3.69,Excellent,1.594306406,0
2,0,4,4,3,0,4,3,2,4,0,3,1,9,4,Dean's List,3.7,Dean's List,2.226871872,0
2,0,4.17,5,3,1,4,2,2,4,1,4,1,9,1.82,Fail,3.7,Dean's List,2.164028554,0
2,1,4.25,3.75,2,1,5,2,3,3,0,3,1,9,3.18,Excellent,3.7,Dean's List,2.106640295,0
2,0,3.14,4.44,3,1,5,2,3,3,0,3,1,9,3.2,Excellent,3.7,Dean's List,2.167622353,0
2,1,3.19,4.81,1,0,4,2,3,4,0,4,0,8,3.16,Excellent,3.7,Dean's List,2.125348207,0
2,1,4,5,2,0,5,2,3,3,0,5,1,7,3.19,Excellent,3.7,Dean's List,1.973982333,0
2,0,4.17,5,4,1,3,2,3,3,0,3,1,6,3.17,Excellent,3.7,Dean's List,1.691305216,0
2,1,3.8,4.78,4,0,4,2,3,3,0,4,0,5,3.19,Excellent,3.7,Dean's List,1.694145679,0
2,0,3.75,4.78,4,1,4,2,3,3,0,4,0,4,3.17,Excellent,3.7,Dean's List,1.618431339,0
2,0,4.5,5,4,1,3,1,3,4,0,5,1,4,4,Dean's List,3.7,Dean's List,1.736855396,0
2,0,4.17,4.95,1,0,3,1,2,4,0,3,0,1,3.7,Dean's List,3.7,Dean's List,1.713612169,0
2,0,4.67,4.5,2,0,3,1,2,4,0,3,0,1,3.7,Dean's List,3.7,Dean's List,1.688117171,0
2,0,5,5,1,0,3,2,3,4,0,3,0,1,3.71,Dean's List,3.71,Dean's List,1.781893656,0
2,0,5,5,3,0,4,2,3,4,0,3,1,9,3.73,Dean's List,3.71,Dean's List,2.309760449,0
2,0,3.33,4.75,4,0,4,2,3,4,0,4,0,8,3.73,Dean's List,3.71,Dean's List,2.176717713,0
2,0,3.58,4.78,3,0,3,2,3,4,0,4,0,6,3.74,Dean's List,3.71,Dean's List,1.859623506,0
2,0,4.42,4.81,1,0,4,2,3,4,0,4,0,9,3.68,Excellent,3.74,Dean's List,2.407728442,0
2,1,4.5,5,2,0,1,2,3,4,0,5,1,9,3.68,Excellent,3.74,Dean's List,2.326472294,0
2,0,5,5,3,0,4,2,2,4,0,3,0,9,3.85,Dean's List,3.74,Dean's List,2.396467452,0
2,1,5,5,3,0,4,2,2,4,0,4,0,9,3.85,Dean's List,3.74,Dean's List,2.341628262,0
2,1,4,4.44,2,1,4,2,3,4,0,4,0,8,3.66,Excellent,3.74,Dean's List,2.016146489,0
2,0,3.4,4,2,0,3,3,2,4,0,2,1,8,3.7,Dean's List,3.74,Dean's List,2.01371961,0
2,0,3.58,4.5,4,0,3,2,3,4,0,5,1,7,3.67,Excellent,3.74,Dean's List,1.973835416,0
2,1,4.67,5,4,1,5,2,2,4,1,2,0,7,3.87,Dean's List,3.74,Dean's List,1.916394184,0
2,0,4.08,5,4,1,5,2,3,4,0,3,1,5,3.66,Excellent,3.74,Dean's List,1.712798879,0
2,0,3.83,4.83,4,0,1,2,3,4,0,5,1,2,3.67,Excellent,3.74,Dean's List,1.734051013,0
2,1,4,5,2,0,3,2,2,4,0,3,0,10,3.9,Dean's List,3.75,Dean's List,2.46343045,0
2,1,4,5,1,0,4,1,3,4,0,5,0,10,3.61,Excellent,3.75,Dean's List,2.593697489,0
2,0,4.25,5,1,0,4,1,3,3,0,4,0,9,4,Dean's List,3.75,Dean's List,2.437553418,0
2,0,5,5,2,1,3,1,3,4,0,5,1,8,4,Dean's List,3.75,Dean's List,2.184164123,0
2,0,3.42,5,3,0,4,1,3,4,0,5,1,8,4,Dean's List,3.75,Dean's List,2.201451699,0
2,0,4.08,4.39,3,0,5,1,3,4,0,5,1,4,4,Dean's List,3.75,Dean's List,1.821500755,0
2,0,4,4.36,4,0,3,1,3,4,0,5,1,2,4,Dean's List,3.75,Dean's List,1.721338505,0
2,1,3.92,4.89,2,1,3,1,2,4,0,3,0,1,3.75,Dean's List,3.75,Dean's List,1.527579649,0
2,0,4.5,5,3,1,3,1,2,4,0,3,0,1,3.75,Dean's List,3.75,Dean's List,1.669580786,0
2,1,4,4.83,4,0,4,1,2,4,0,4,0,1,3.75,Dean's List,3.75,Dean's List,1.74691812,0
2,1,4.17,4.83,2,1,4,1,2,4,0,3,0,1,3.75,Dean's List,3.75,Dean's List,1.590642952,0
2,0,4.25,4.72,4,1,3,1,2,4,0,5,1,1,3.75,Dean's List,3.75,Dean's List,1.714683523,0
2,1,3.5,5,2,1,3,1,2,4,0,3,0,1,3.75,Dean's List,3.75,Dean's List,1.513825177,0
2,0,4.25,5,4,1,5,1,2,4,1,2,0,1,3.75,Dean's List,3.75,Dean's List,1.740375319,0
2,1,3.92,5,2,1,5,1,2,4,0,3,0,1,3.75,Dean's List,3.75,Dean's List,1.678002284,0
2,1,5,5,3,1,2,2,2,4,0,4,0,3,3.66,Excellent,3.76,Dean's List,1.598064976,0
2,0,4.58,5,3,0,4,2,2,4,0,4,0,9,3.89,Dean's List,3.78,Dean's List,2.392512539,0
2,1,5,5,3,1,5,2,1,4,0,3,1,9,3.88,Dean's List,3.78,Dean's List,2.268781979,0
2,0,4.25,5,4,0,2,2,1,4,0,3,1,4,3.88,Dean's List,3.78,Dean's List,1.709869269,0
2,0,4.75,5,2,0,4,1,3,4,1,3,1,9,3.75,Dean's List,3.8,Dean's List,2.283774288,0
2,0,5,5,2,1,5,1,3,4,0,4,0,3,3.9,Dean's List,3.8,Dean's List,1.838375642,0
2,0,3.83,4.69,3,0,5,1,2,4,0,4,0,9,3.9,Dean's List,3.8,Dean's List,2.43306357,0
2,0,4.5,4.61,4,1,5,1,1,4,0,3,1,5,3.93,Dean's List,3.8,Dean's List,1.830580964,0
2,1,4.42,4.77,1,0,3,1,1,4,0,3,1,2,3.92,Dean's List,3.8,Dean's List,1.60208601,0
2,1,4.08,5,2,0,4,3,3,4,0,5,1,1,3.81,Dean's List,3.81,Dean's List,1.68766061,0
2,1,4.08,4.82,2,1,5,3,3,4,0,5,1,1,3.81,Dean's List,3.81,Dean's List,1.653966948,0
2,1,4.5,4.95,3,1,5,3,3,4,0,5,1,1,3.81,Dean's List,3.81,Dean's List,1.67594538,0
2,0,5,5,2,0,5,3,3,4,0,5,1,1,3.81,Dean's List,3.81,Dean's List,1.899353837,0
2,0,4.17,4.95,2,1,5,3,3,4,0,5,1,1,3.81,Dean's List,3.81,Dean's List,1.757827731,0
2,1,4.17,5,2,1,5,3,3,4,0,5,1,1,3.81,Dean's List,3.81,Dean's List,1.674058815,0
2,1,4.33,4.59,4,1,5,3,3,4,0,5,1,1,3.81,Dean's List,3.81,Dean's List,1.66284846,0
2,0,3.83,5,2,1,4,3,3,4,0,5,1,1,3.81,Dean's List,3.81,Dean's List,1.674832206,0
2,0,4.42,4.68,4,0,3,1,1,4,0,3,1,1,3.84,Dean's List,3.84,Dean's List,1.720115791,0
2,0,4.83,4.89,2,1,3,2,1,4,0,4,0,4,3.67,Excellent,3.87,Dean's List,1.739397884,0
2,1,5,4.61,2,0,1,2,2,4,0,3,0,1,3.88,Dean's List,3.88,Dean's List,1.676724858,0
2,1,4.08,5,1,1,5,2,1,4,0,3,1,1,3.88,Dean's List,3.88,Dean's List,1.662750733,0
2,0,4.5,4.89,4,0,3,2,1,4,0,3,1,1,3.88,Dean's List,3.88,Dean's List,1.718662149,0
2,1,5,5,2,1,2,2,1,4,0,3,1,1,3.88,Dean's List,3.88,Dean's List,1.570460654,0
2,0,4.42,5,4,1,3,2,1,4,1,5,0,1,3.88,Dean's List,3.88,Dean's List,1.763673723,0
2,0,4.25,5,1,0,5,2,1,4,0,3,1,1,3.88,Dean's List,3.88,Dean's List,1.81773749,0
2,0,5,5,2,1,5,2,1,4,0,3,1,1,3.88,Dean's List,3.88,Dean's List,1.775860355,0
2,0,5,5,2,0,4,2,2,4,0,4,1,1,3.89,Dean's List,3.89,Dean's List,1.776910709,0
2,1,5,5,1,0,1,3,2,4,0,1,0,1,3.91,Dean's List,3.91,Dean's List,1.771800873,0
2,1,5,5,4,0,3,1,1,4,0,3,1,1,3.93,Dean's List,3.93,Dean's List,1.741810839,0
2,1,4.17,5,4,1,4,2,1,4,0,3,1,9,3.94,Dean's List,3.94,Dean's List,2.207067342,0
2,1,5,5,3,1,5,2,1,4,0,3,1,9,3.97,Dean's List,3.94,Dean's List,2.274444896,0
2,0,4.75,5,2,1,5,2,1,4,0,3,1,9,3.94,Dean's List,3.94,Dean's List,2.349767985,0
2,0,5,5,2,0,5,2,1,4,1,5,0,5,3.98,Dean's List,3.94,Dean's List,2.004180631,0
2,1,4.3,5,3,0,5,2,1,4,0,3,1,5,3.94,Dean's List,3.94,Dean's List,1.780359046,0
2,0,3.81,4.39,3,0,3,2,1,4,0,3,1,1,3.94,Dean's List,3.94,Dean's List,1.580611696,0
2,0,4,4.39,4,0,2,2,1,4,0,3,1,1,3.94,Dean's List,3.94,Dean's List,1.635027905,0
2,1,4.42,5,4,1,3,2,1,4,0,3,1,1,3.94,Dean's List,3.94,Dean's List,1.572216588,0
2,0,4.17,4.82,2,0,2,2,1,4,0,3,1,1,3.94,Dean's List,3.94,Dean's List,1.626318824,0
2,0,3.75,4.78,3,1,2,2,1,4,0,3,1,1,3.94,Dean's List,3.94,Dean's List,1.529762373,0
2,0,4.42,4.95,3,0,2,2,1,4,0,3,1,1,3.94,Dean's List,3.94,Dean's List,1.672467115,0
2,1,5,5,4,0,5,2,1,4,0,3,1,1,3.94,Dean's List,3.94,Dean's List,1.815237358,0
2,1,4,4.68,2,1,5,2,1,4,0,3,1,1,3.94,Dean's List,3.94,Dean's List,1.594521872,0
2,0,4.5,4.75,3,0,1,3,1,4,0,4,0,7,4,Dean's List,3.95,Dean's List,2.130923118,0
2,0,5,5,2,1,4,2,2,4,0,4,1,3,4,Dean's List,3.96,Dean's List,1.66,0
2,0,4.58,5,2,1,5,1,3,4,0,3,0,10,4,Dean's List,3.98,Dean's List,2.574712929,0
2,0,5,5,3,1,5,1,3,3,0,4,1,3,4,Dean's List,4,Dean's List,1.732050808,0
2,1,5,5,4,1,3,2,3,4,0,4,0,2,4,Dean's List,4,Dean's List,1.653279569,0
2,0,5,5,1,0,4,1,3,4,0,5,0,1,4,Dean's List,4,Dean's List,1.998958062,0
2,0,5,5,1,0,5,1,3,4,0,3,0,1,4,Dean's List,4,Dean's List,1.962141687,0
2,0,5,5,1,1,3,2,2,4,0,3,0,1,4,Dean's List,4,Dean's List,1.740450133,0
2,0,4.58,5,4,1,5,1,3,4,0,5,1,1,4,Dean's List,4,Dean's List,1.87555103,0
2,1,4.92,5,4,1,3,1,3,4,0,5,1,1,4,Dean's List,4,Dean's List,1.725224623,0
2,0,4.33,5,2,0,3,1,3,4,0,5,1,1,4,Dean's List,4,Dean's List,1.808698312,0
2,0,5,5,2,1,3,1,3,4,0,5,1,1,4,Dean's List,4,Dean's List,1.787689384,0
2,1,5,5,2,0,3,1,3,4,0,5,1,1,4,Dean's List,4,Dean's List,1.787689384,0
2,1,5,5,2,1,5,1,3,4,0,5,1,1,4,Dean's List,4,Dean's List,1.807392228,0
2,1,4.17,5,3,0,4,1,3,4,0,5,1,1,4,Dean's List,4,Dean's List,1.755839661,0
3,0,4.17,5,2,0,3,1,3,4,0,3,1,10,3.14,Excellent,3.7,Dean's List,2.471585102,0
3,0,4.75,4.83,1,0,2,1,3,3,0,2,1,3,3.66,Excellent,3.74,Dean's List,1.619970679,0
3,0,4.9,5,4,1,4,2,2,4,0,4,1,9,3.8,Dean's List,3.75,Dean's List,2.251941292,0
3,0,5,4.83,2,0,2,1,1,4,0,3,1,1,4,Dean's List,4,Dean's List,1.75294217,0
4,0,3.42,4.33,2,1,4,2,2,4,1,2,1,6,3.83,Dean's List,2.97,Warning,1.599946744,0
5,1,3.5,4.2,3,1,2,3,3,3,0,2,1,5,3.25,Excellent,3.15,Excellent,1.44393848,0
5,0,4.33,4.39,2,0,4,2,2,4,0,4,0,3,3.25,Excellent,3.32,Excellent,1.771099353,0
5,1,4.5,4,3,1,2,2,1,3,0,3,1,6,3.33,Excellent,3.33,Excellent,1.673393757,0
5,0,3.58,4.88,2,0,3,1,2,3,0,4,1,10,3.35,Excellent,3.45,Excellent,2.516698565,0
5,1,5,5,2,0,1,3,2,4,0,3,1,4,3.43,Excellent,3.47,Excellent,1.727815094,0
5,1,5,5,1,0,1,1,3,4,0,5,0,2,3.55,Excellent,3.47,Excellent,1.958628347,0
5,1,5,5,1,1,1,1,2,4,0,3,0,2,3.58,Excellent,3.56,Excellent,1.780894438,0
5,0,4.25,4.41,3,0,4,2,1,4,0,4,1,11,3.66,Excellent,3.6,Excellent,2.718005396,0
5,1,4.25,5,2,0,3,1,2,4,0,4,1,9,3.75,Dean's List,3.68,Excellent,2.317448309,0
5,1,4.25,5,2,1,4,2,2,4,0,4,0,9,3.85,Dean's List,3.74,Dean's List,2.285147698,0
5,1,4.25,4.68,4,1,5,3,3,4,0,5,1,2,3.71,Dean's List,3.75,Dean's List,1.65518365,0
5,0,5,5,2,1,2,1,1,4,0,4,1,3,3.93,Dean's List,3.8,Dean's List,1.808274385,0
5,1,4.58,5,2,0,5,2,3,4,0,5,1,2,3.83,Dean's List,3.83,Dean's List,1.822783586,0
5,0,5,5,2,0,2,2,3,4,0,3,1,3,4,Dean's List,3.93,Dean's List,1.774980634,0
6,0,3.27,4.82,3,1,2,1,2,2,0,3,1,1,2.25,Warning,2.25,Warning,1.618044988,0
6,1,4.67,4.56,3,1,3,2,3,3,0,4,0,1,2.5,Warning,2.5,Warning,1.709930676,0
6,0,3.83,3,1,0,2,2,3,4,0,3,1,2,3.17,Excellent,3,Excellent,1.65640776,0
6,0,4.42,3.94,2,0,5,2,3,4,0,5,0,1,3.09,Excellent,3.09,Excellent,2.017473255,0
6,1,4.5,4.28,2,0,2,2,1,4,0,2,1,1,3.17,Excellent,3.17,Excellent,1.723326241,0
6,1,3.08,3.33,2,0,3,2,3,3,0,3,0,2,2.17,Warning,3.5,Excellent,1.562077676,0
6,0,4.53,3.91,1,0,5,1,1,4,0,2,1,2,3.83,Dean's List,3.5,Excellent,1.962708057,0
6,1,4.5,4.34,4,0,3,3,1,4,0,5,1,1,3.5,Excellent,3.5,Excellent,1.878323721,0
6,0,4,4,3,1,3,2,3,4,0,3,1,11,3.56,Excellent,3.6,Excellent,2.615237402,0
6,1,2.85,3.64,1,1,4,2,3,4,1,3,1,5,3.5,Excellent,3.67,Excellent,1.566073115,0
6,0,4,4.33,3,1,3,2,1,4,0,3,1,10,3.88,Dean's List,3.78,Dean's List,2.502055072,0
6,0,3.17,3.17,2,1,3,1,3,4,0,3,1,2,3.83,Dean's List,3.8,Dean's List,1.619807473,0
6,1,4.42,4.72,2,1,4,1,2,4,0,3,1,11,4,Dean's List,4,Dean's List,2.674865417,0
7,1,5,5,1,0,1,3,2,4,0,4,1,1,3.69,Excellent,3.69,Excellent,2.065238889,0
7,1,3.58,4.86,2,0,1,1,2,3,0,1,1,3,3.9,Dean's List,3.79,Dean's List,1.917316593,0
8,1,3.5,4,3,1,2,3,3,4,1,5,0,9,3.15,Excellent,2.85,Warning,2.413909347,0
8,0,5,4.94,4,1,5,1,2,1,0,4,1,1,3.31,Excellent,3.31,Excellent,2.268864621,0
8,0,5,4.68,1,1,5,3,3,4,0,5,1,4,3.56,Excellent,3.56,Excellent,2.183988706,0
8,1,4.25,3.72,2,0,1,1,3,4,1,1,1,1,3.68,Excellent,3.68,Excellent,2.038097867,0
8,1,5,4.89,4,0,2,2,2,4,0,2,1,2,3.88,Dean's List,3.88,Dean's List,2.109909062,0
8,0,5,4.78,2,0,1,2,1,4,0,1,1,1,3.94,Dean's List,3.94,Dean's List,2.287405736,0
9,0,3.5,4,2,0,2,3,2,2,1,2,1,6,3.25,Excellent,3.1,Excellent,2.254567124,0
9,0,4.5,4,3,1,4,2,2,3,0,3,1,8,3.5,Excellent,3.67,Excellent,2.49141317,0
10,1,4.56,3.67,2,1,3,1,2,2,0,2,0,1,3.56,Excellent,3.56,Excellent,2.406270195,0
10,0,4.23,4.5,1,0,3,3,2,4,0,3,1,9,3.61,Excellent,3.75,Dean's List,2.89427013,0
10,1,3.83,5,2,0,3,3,2,4,0,4,1,11,4,Dean's List,3.86,Dean's List,3.093649342,0
